{
  "REG_RMSE_zero": 5.268912913553327,
  "REG_RMSE_lag1": 7.672151711581234,
  "REG_MAE_zero": 4.411123901009281,
  "REG_MAE_lag1": 6.04665000109426,
  "CLF_Acc_ones": 0.6307692307692307,
  "CLF_Acc_zeros": 0.36923076923076925,
  "CLF_F1_ones": 0.7735849056603774,
  "CLF_F1_zeros": 0.0
}