fast,slow,f1
2,9,0.7058823529411765
2,18,0.5333333333333333
2,9,0.9565217391304348
2,9,0.8421052631578947
2,18,0.8571428571428571
