{
  "REG": {
    "OLS": {
      "rmse": 5.186957262919646,
      "mae": 4.368583890490403,
      "r2": -0.016427986523763538
    },
    "RIDGE": {
      "rmse": 5.034748293428584,
      "mae": 4.221806421244023,
      "r2": 0.04235002468281812,
      "alpha": 10.0
    }
  },
  "CLF": {
    "C_best": 5.0,
    "acc@0.5": 0.47692307692307695,
    "f1@0.5": 0.5405405405405406,
    "prec@0.5": 0.6060606060606061,
    "recall@0.5": 0.4878048780487805,
    "auc": 0.46036585365853655
  }
}