{
  "REG_RMSE_ols": 5.186957262919634,
  "REG_RMSE_ridge": 5.170115418186227,
  "REG_MAE_ols": 4.368583890490393,
  "REG_MAE_ridge": 4.3740659509048845,
  "REG_R2_ols": -0.016427986523759097,
  "REG_R2_ridge": -0.009838099665812727,
  "CLF_Acc_logistic": 0.4461538461538462,
  "CLF_F1_logistic": 0.5,
  "CLF_Prec_logistic": 0.5806451612903226,
  "CLF_Recall_logistic": 0.43902439024390244,
  "CLF_AUC_logistic": 0.4654471544715447
}