{
  "RIDGE": {
    "rmse": 5.034651826214189,
    "mae": 4.221732561695996,
    "r2": 0.04238672202499649,
    "alpha": 10.0
  },
  "OLS": {
    "rmse": 5.186957262919645,
    "mae": 4.368583890490403,
    "r2": -0.016427986523763094
  },
  "LOGIT": {
    "acc": 0.6153846153846154,
    "f1": 0.7422680412371134,
    "auc": 0.4872967479674797
  },
  "PERF_BY_THRESHOLD": {
    "0.5": {
      "STRAT_CAGR": 0.119916,
      "STRAT_SHARPE": 0.699948,
      "STRAT_MAX_DD": -0.28766,
      "BH_CAGR": 0.12731,
      "BH_SHARPE": 0.714328,
      "BH_MAX_DD": -0.247695,
      "SPX_CAGR": 0.12731,
      "SPX_SHARPE": 0.714328,
      "SPX_MAX_DD": -0.247695
    },
    "0.6": {
      "STRAT_CAGR": 0.034622,
      "STRAT_SHARPE": 0.243298,
      "STRAT_MAX_DD": -0.226028,
      "BH_CAGR": 0.12731,
      "BH_SHARPE": 0.714328,
      "BH_MAX_DD": -0.247695,
      "SPX_CAGR": 0.12731,
      "SPX_SHARPE": 0.714328,
      "SPX_MAX_DD": -0.247695
    },
    "0.7": {
      "STRAT_CAGR": 0.020375,
      "STRAT_SHARPE": 0.166352,
      "STRAT_MAX_DD": -0.223537,
      "BH_CAGR": 0.12731,
      "BH_SHARPE": 0.714328,
      "BH_MAX_DD": -0.247695,
      "SPX_CAGR": 0.12731,
      "SPX_SHARPE": 0.714328,
      "SPX_MAX_DD": -0.247695
    },
    "0.8": {
      "STRAT_CAGR": 0.050412,
      "STRAT_SHARPE": 0.644546,
      "STRAT_MAX_DD": -0.093396,
      "BH_CAGR": 0.12731,
      "BH_SHARPE": 0.714328,
      "BH_MAX_DD": -0.247695,
      "SPX_CAGR": 0.12731,
      "SPX_SHARPE": 0.714328,
      "SPX_MAX_DD": -0.247695
    },
    "0.9": {
      "STRAT_CAGR": 0.022089,
      "STRAT_SHARPE": 0.318657,
      "STRAT_MAX_DD": -0.093396,
      "BH_CAGR": 0.12731,
      "BH_SHARPE": 0.714328,
      "BH_MAX_DD": -0.247695,
      "SPX_CAGR": 0.12731,
      "SPX_SHARPE": 0.714328,
      "SPX_MAX_DD": -0.247695
    }
  }
}